{"cameraMode":{"drawMode":0,"name":"Shaded","section":"Shading Mode"},"sceneLighting":false,"audioPlay":false,"sceneViewState":{"m_AlwaysRefresh":false,"showFog":true,"showSkybox":false,"showFlares":true,"showImageEffects":true,"showParticleSystems":true,"showVisualEffectGraphs":true,"m_FxEnabled":true},"in2DMode":false,"pivot":{"x":0.12794449925422669,"y":-1.1752370595932007,"z":-2.99361515045166},"rotation":{"x":-0.005537774413824081,"y":-0.9833291172981262,"z":0.17925068736076356,"w":-0.030386952683329583},"size":4.393474578857422,"orthographic":false}