{"cameraMode":{"drawMode":0,"name":"Shaded","section":"Shading Mode"},"sceneLighting":false,"audioPlay":false,"sceneViewState":{"m_AlwaysRefresh":false,"showFog":true,"showSkybox":true,"showFlares":true,"showImageEffects":true,"showParticleSystems":true,"showVisualEffectGraphs":true,"m_FxEnabled":true},"in2DMode":false,"pivot":{"x":839.9969482421875,"y":1695.4156494140625,"z":328.3461608886719},"rotation":{"x":-0.012309161014854908,"y":0.00809450913220644,"z":-0.00010043907968793064,"w":-0.999902069568634},"size":800.5950317382813,"orthographic":false}