{"cameraMode":{"drawMode":0,"name":"Shaded","section":"Shading Mode"},"sceneLighting":false,"audioPlay":false,"sceneViewState":{"m_AlwaysRefresh":false,"showFog":true,"showSkybox":true,"showFlares":true,"showImageEffects":true,"showParticleSystems":true,"showVisualEffectGraphs":true,"m_FxEnabled":true},"in2DMode":false,"pivot":{"x":0.3921968638896942,"y":2.0922505855560304,"z":-0.1712653934955597},"rotation":{"x":-0.14625969529151917,"y":0.4520704448223114,"z":-0.07541869580745697,"w":-0.8766862750053406},"size":0.553778350353241,"orthographic":false}